-- ============================================================
-- Seed Data — SAA-2025 Local Development
-- Fixed UUIDs for reproducibility across db:reset runs
-- ============================================================

-- Auth users (required before profiles due to FK)
INSERT INTO auth.users (
  instance_id, id, aud, role, email, encrypted_password,
  email_confirmed_at, created_at, updated_at,
  raw_app_meta_data, raw_user_meta_data, is_super_admin,
  confirmation_token, recovery_token, email_change_token_new,
  email_change, email_change_token_current, phone_change_token,
  reauthentication_token
) VALUES
  ('00000000-0000-0000-0000-000000000000','a0000000-0000-0000-0000-000000000001','authenticated','authenticated','admin1@saa.local',crypt('password123',gen_salt('bf')),NOW(),NOW(),NOW(),'{"provider":"email","providers":["email"]}','{}',false,'','','','','','',''),
  ('00000000-0000-0000-0000-000000000000','a0000000-0000-0000-0000-000000000002','authenticated','authenticated','admin2@saa.local',crypt('password123',gen_salt('bf')),NOW(),NOW(),NOW(),'{"provider":"email","providers":["email"]}','{}',false,'','','','','','',''),
  ('00000000-0000-0000-0000-000000000000','e0000000-0000-0000-0000-000000000001','authenticated','authenticated','emp1@saa.local',crypt('password123',gen_salt('bf')),NOW(),NOW(),NOW(),'{"provider":"email","providers":["email"]}','{}',false,'','','','','','',''),
  ('00000000-0000-0000-0000-000000000000','e0000000-0000-0000-0000-000000000002','authenticated','authenticated','emp2@saa.local',crypt('password123',gen_salt('bf')),NOW(),NOW(),NOW(),'{"provider":"email","providers":["email"]}','{}',false,'','','','','','',''),
  ('00000000-0000-0000-0000-000000000000','e0000000-0000-0000-0000-000000000003','authenticated','authenticated','emp3@saa.local',crypt('password123',gen_salt('bf')),NOW(),NOW(),NOW(),'{"provider":"email","providers":["email"]}','{}',false,'','','','','','',''),
  ('00000000-0000-0000-0000-000000000000','e0000000-0000-0000-0000-000000000004','authenticated','authenticated','emp4@saa.local',crypt('password123',gen_salt('bf')),NOW(),NOW(),NOW(),'{"provider":"email","providers":["email"]}','{}',false,'','','','','','',''),
  ('00000000-0000-0000-0000-000000000000','e0000000-0000-0000-0000-000000000005','authenticated','authenticated','emp5@saa.local',crypt('password123',gen_salt('bf')),NOW(),NOW(),NOW(),'{"provider":"email","providers":["email"]}','{}',false,'','','','','','',''),
  ('00000000-0000-0000-0000-000000000000','e0000000-0000-0000-0000-000000000006','authenticated','authenticated','emp6@saa.local',crypt('password123',gen_salt('bf')),NOW(),NOW(),NOW(),'{"provider":"email","providers":["email"]}','{}',false,'','','','','','',''),
  ('00000000-0000-0000-0000-000000000000','e0000000-0000-0000-0000-000000000007','authenticated','authenticated','emp7@saa.local',crypt('password123',gen_salt('bf')),NOW(),NOW(),NOW(),'{"provider":"email","providers":["email"]}','{}',false,'','','','','','',''),
  ('00000000-0000-0000-0000-000000000000','e0000000-0000-0000-0000-000000000008','authenticated','authenticated','emp8@saa.local',crypt('password123',gen_salt('bf')),NOW(),NOW(),NOW(),'{"provider":"email","providers":["email"]}','{}',false,'','','','','','','')
ON CONFLICT (id) DO NOTHING;

-- Departments
INSERT INTO public.departments (id, name, description) VALUES
  ('d0000000-0000-0000-0000-000000000001', 'Engineering', 'Software engineers and architects'),
  ('d0000000-0000-0000-0000-000000000002', 'Design',      'UI/UX designers and researchers'),
  ('d0000000-0000-0000-0000-000000000003', 'Product',     'Product managers and analysts'),
  ('d0000000-0000-0000-0000-000000000004', 'Marketing',   'Marketing and growth team'),
  ('d0000000-0000-0000-0000-000000000005', 'QA',          'Quality assurance engineers')
ON CONFLICT (id) DO NOTHING;

-- Profiles
INSERT INTO public.profiles (id, full_name, email, department_id, role, level, last_logged_in) VALUES
  ('a0000000-0000-0000-0000-000000000001', 'Admin One',     'admin1@saa.local', 'd0000000-0000-0000-0000-000000000003', 'admin',    3, '2025-12-23 10:00:00+07'),
  ('a0000000-0000-0000-0000-000000000002', 'Admin Two',     'admin2@saa.local', 'd0000000-0000-0000-0000-000000000003', 'admin',    2, '2025-12-23 10:00:00+07'),
  ('e0000000-0000-0000-0000-000000000001', 'Alice Nguyen',  'emp1@saa.local',   'd0000000-0000-0000-0000-000000000001', 'employee', 2, '2025-12-23 10:00:00+07'),
  ('e0000000-0000-0000-0000-000000000002', 'Bob Tran',      'emp2@saa.local',   'd0000000-0000-0000-0000-000000000001', 'employee', 2, '2025-12-23 10:00:00+07'),
  ('e0000000-0000-0000-0000-000000000003', 'Carol Le',      'emp3@saa.local',   'd0000000-0000-0000-0000-000000000002', 'employee', 4, '2025-12-24 11:00:00+07'),
  ('e0000000-0000-0000-0000-000000000004', 'David Pham',    'emp4@saa.local',   'd0000000-0000-0000-0000-000000000001', 'employee', 1, '2025-12-25 14:00:00+07'),
  ('e0000000-0000-0000-0000-000000000005', 'Emma Vo',       'emp5@saa.local',   'd0000000-0000-0000-0000-000000000002', 'employee', 3, '2025-12-26 15:00:00+07'),
  ('e0000000-0000-0000-0000-000000000006', 'Frank Nguyen',  'emp6@saa.local',   'd0000000-0000-0000-0000-000000000003', 'employee', 2, '2025-12-27 09:00:00+07'),
  ('e0000000-0000-0000-0000-000000000007', 'Grace Tran',    'emp7@saa.local',   'd0000000-0000-0000-0000-000000000004', 'employee', 3, '2025-12-28 12:00:00+07'),
  ('e0000000-0000-0000-0000-000000000008', 'Henry Le',      'emp8@saa.local',   'd0000000-0000-0000-0000-000000000005', 'employee', 2, '2025-12-29 10:00:00+07')
ON CONFLICT (id) DO NOTHING;

-- Season 2025
INSERT INTO public.seasons (id, name, year, voting_start, voting_end, status) VALUES
  (
    '5a000000-0000-0000-0000-000000000001',
    'SAA 2025', 2025,
    '2025-11-20 00:00:00+07', '2025-11-30 23:59:59+07',
    'voting'
  )
ON CONFLICT (id) DO NOTHING;

-- Award Categories
INSERT INTO public.award_categories (id, season_id, name, description, display_order) VALUES
  ('c0000000-0000-0000-0000-000000000001', '5a000000-0000-0000-0000-000000000001', 'Best Innovator', 'Delivered the most impactful technical innovation', 1),
  ('c0000000-0000-0000-0000-000000000002', '5a000000-0000-0000-0000-000000000001', 'Team Player',    'Consistently supported teammates and fostered collaboration', 2),
  ('c0000000-0000-0000-0000-000000000003', '5a000000-0000-0000-0000-000000000001', 'Rising Star',    'Showed exceptional growth and initiative this year', 3)
ON CONFLICT (id) DO NOTHING;

-- Nominations — mix of approved / rejected / pending
INSERT INTO public.nominations (id, season_id, category_id, nominee_id, nominator_id, reason, status, reviewed_by, reviewed_at) VALUES
  -- approved
  ('b0000000-0000-0000-0000-000000000001','5a000000-0000-0000-0000-000000000001','c0000000-0000-0000-0000-000000000001','e0000000-0000-0000-0000-000000000001','e0000000-0000-0000-0000-000000000002','Built the new CI pipeline from scratch and reduced deploy time by 40%','approved','a0000000-0000-0000-0000-000000000001',NOW()),
  ('b0000000-0000-0000-0000-000000000002','5a000000-0000-0000-0000-000000000001','c0000000-0000-0000-0000-000000000001','e0000000-0000-0000-0000-000000000002','e0000000-0000-0000-0000-000000000003','Introduced AI tooling that saved 20% dev time across the team','approved','a0000000-0000-0000-0000-000000000001',NOW()),
  ('b0000000-0000-0000-0000-000000000003','5a000000-0000-0000-0000-000000000001','c0000000-0000-0000-0000-000000000002','e0000000-0000-0000-0000-000000000002','e0000000-0000-0000-0000-000000000001','Always helps unblock teammates and never says no when someone needs help','approved','a0000000-0000-0000-0000-000000000001',NOW()),
  ('b0000000-0000-0000-0000-000000000004','5a000000-0000-0000-0000-000000000001','c0000000-0000-0000-0000-000000000002','e0000000-0000-0000-0000-000000000003','e0000000-0000-0000-0000-000000000002','Organized cross-team design reviews that improved UI consistency across all products','approved','a0000000-0000-0000-0000-000000000001',NOW()),
  ('b0000000-0000-0000-0000-000000000005','5a000000-0000-0000-0000-000000000001','c0000000-0000-0000-0000-000000000003','e0000000-0000-0000-0000-000000000003','e0000000-0000-0000-0000-000000000001','Went from junior to leading a project in one year, showing incredible growth','approved','a0000000-0000-0000-0000-000000000001',NOW()),
  ('b0000000-0000-0000-0000-000000000006','5a000000-0000-0000-0000-000000000001','c0000000-0000-0000-0000-000000000003','e0000000-0000-0000-0000-000000000001','e0000000-0000-0000-0000-000000000003','Mastered three new technologies in six months: TypeScript, Kubernetes, and Go','approved','a0000000-0000-0000-0000-000000000001',NOW()),
  ('b0000000-0000-0000-0000-000000000007','5a000000-0000-0000-0000-000000000001','c0000000-0000-0000-0000-000000000001','e0000000-0000-0000-0000-000000000004','e0000000-0000-0000-0000-000000000001','Redesigned the entire database schema resulting in 3x query performance improvement','approved','a0000000-0000-0000-0000-000000000001',NOW()),
  ('b0000000-0000-0000-0000-000000000008','5a000000-0000-0000-0000-000000000001','c0000000-0000-0000-0000-000000000002','e0000000-0000-0000-0000-000000000005','e0000000-0000-0000-0000-000000000004','Mentored 3 junior designers and helped them ship their first major feature','approved','a0000000-0000-0000-0000-000000000001',NOW()),
  ('b0000000-0000-0000-0000-000000000009','5a000000-0000-0000-0000-000000000001','c0000000-0000-0000-0000-000000000003','e0000000-0000-0000-0000-000000000004','e0000000-0000-0000-0000-000000000005','Joined as a mid-level and within 8 months was leading sprints independently','approved','a0000000-0000-0000-0000-000000000001',NOW()),
  ('b0000000-0000-0000-0000-000000000010','5a000000-0000-0000-0000-000000000001','c0000000-0000-0000-0000-000000000001','e0000000-0000-0000-0000-000000000006','e0000000-0000-0000-0000-000000000007','Built an internal analytics dashboard used daily by the entire product team','approved','a0000000-0000-0000-0000-000000000002',NOW()),
  ('b0000000-0000-0000-0000-000000000011','5a000000-0000-0000-0000-000000000001','c0000000-0000-0000-0000-000000000002','e0000000-0000-0000-0000-000000000007','e0000000-0000-0000-0000-000000000006','Coordinated the Q4 all-hands and got 95% satisfaction score from participants','approved','a0000000-0000-0000-0000-000000000002',NOW()),
  ('b0000000-0000-0000-0000-000000000012','5a000000-0000-0000-0000-000000000001','c0000000-0000-0000-0000-000000000003','e0000000-0000-0000-0000-000000000008','e0000000-0000-0000-0000-000000000003','Came in knowing zero about QA; now writes automation tests that catch real bugs weekly','approved','a0000000-0000-0000-0000-000000000002',NOW()),
  -- rejected (spam)
  ('b0000000-0000-0000-0000-000000000013','5a000000-0000-0000-0000-000000000001','c0000000-0000-0000-0000-000000000001','e0000000-0000-0000-0000-000000000001','e0000000-0000-0000-0000-000000000004','chăm chỉ, cần mẫn của em đã tạo động lực rất nhiều cho team, để luôn nhắc mình luôn phải nỗ lực hơn nữa trong công việc','rejected','a0000000-0000-0000-0000-000000000001',NOW()),
  ('b0000000-0000-0000-0000-000000000014','5a000000-0000-0000-0000-000000000001','c0000000-0000-0000-0000-000000000002','e0000000-0000-0000-0000-000000000002','e0000000-0000-0000-0000-000000000005','Cảm ơn người em bình thường nhưng phi thường :D Cảm ơn sự chăm chỉ, cần mẫn của em đã tạo động lực rất nhiều cho team','rejected','a0000000-0000-0000-0000-000000000001',NOW()),
  ('b0000000-0000-0000-0000-000000000015','5a000000-0000-0000-0000-000000000001','c0000000-0000-0000-0000-000000000003','e0000000-0000-0000-0000-000000000003','e0000000-0000-0000-0000-000000000006','Just a great person overall, everyone likes them, very positive energy in the office','rejected','a0000000-0000-0000-0000-000000000002',NOW()),
  -- pending
  ('b0000000-0000-0000-0000-000000000016','5a000000-0000-0000-0000-000000000001','c0000000-0000-0000-0000-000000000001','e0000000-0000-0000-0000-000000000005','e0000000-0000-0000-0000-000000000002','Redesigned the onboarding flow reducing user drop-off from 60% to 25% in first month','pending',NULL,NULL),
  ('b0000000-0000-0000-0000-000000000017','5a000000-0000-0000-0000-000000000001','c0000000-0000-0000-0000-000000000002','e0000000-0000-0000-0000-000000000006','e0000000-0000-0000-0000-000000000008','Stepped up to fill a team lead role during a critical sprint when the lead was sick','pending',NULL,NULL),
  ('b0000000-0000-0000-0000-000000000018','5a000000-0000-0000-0000-000000000001','c0000000-0000-0000-0000-000000000003','e0000000-0000-0000-0000-000000000007','e0000000-0000-0000-0000-000000000001','Learned React Native from scratch and shipped a mobile feature in under 2 months','pending',NULL,NULL),
  ('b0000000-0000-0000-0000-000000000019','5a000000-0000-0000-0000-000000000001','c0000000-0000-0000-0000-000000000001','e0000000-0000-0000-0000-000000000008','e0000000-0000-0000-0000-000000000007','Wrote the entire test suite for the payments module, catching 12 critical bugs before release','pending',NULL,NULL),
  ('b0000000-0000-0000-0000-000000000020','5a000000-0000-0000-0000-000000000001','c0000000-0000-0000-0000-000000000002','e0000000-0000-0000-0000-000000000001','e0000000-0000-0000-0000-000000000006','Pair programmed with every new hire in Q3, dramatically reducing their ramp-up time','pending',NULL,NULL),
  ('b0000000-0000-0000-0000-000000000021','5a000000-0000-0000-0000-000000000001','c0000000-0000-0000-0000-000000000003','e0000000-0000-0000-0000-000000000002','e0000000-0000-0000-0000-000000000008','Promoted from intern to full-time engineer after delivering a production feature solo','pending',NULL,NULL),
  ('b0000000-0000-0000-0000-000000000022','5a000000-0000-0000-0000-000000000001','c0000000-0000-0000-0000-000000000001','e0000000-0000-0000-0000-000000000003','e0000000-0000-0000-0000-000000000004','Migrated legacy monolith services to microservices without any production downtime','pending',NULL,NULL),
  ('b0000000-0000-0000-0000-000000000023','5a000000-0000-0000-0000-000000000001','c0000000-0000-0000-0000-000000000002','e0000000-0000-0000-0000-000000000004','e0000000-0000-0000-0000-000000000003','Runs daily standups that are always on time and energize the team to start the day','pending',NULL,NULL),
  ('b0000000-0000-0000-0000-000000000024','5a000000-0000-0000-0000-000000000001','c0000000-0000-0000-0000-000000000003','e0000000-0000-0000-0000-000000000005','e0000000-0000-0000-0000-000000000002','Published two internal tech talks that helped the whole company adopt better practices','pending',NULL,NULL),
  ('b0000000-0000-0000-0000-000000000025','5a000000-0000-0000-0000-000000000001','c0000000-0000-0000-0000-000000000001','e0000000-0000-0000-0000-000000000006','e0000000-0000-0000-0000-000000000005','Optimized API response times from 800ms average down to 120ms through caching strategy','pending',NULL,NULL),
  ('b0000000-0000-0000-0000-000000000026','5a000000-0000-0000-0000-000000000001','c0000000-0000-0000-0000-000000000002','e0000000-0000-0000-0000-000000000008','e0000000-0000-0000-0000-000000000001','Volunteered to document the entire codebase during a company hackathon weekend','pending',NULL,NULL)
ON CONFLICT (id) DO NOTHING;

-- Votes — spread across nominees and categories for varied heart counts
INSERT INTO public.votes (id, season_id, category_id, voter_id, nominee_id) VALUES
  -- votes on nomination 001 (Alice, Best Innovator) — 3 votes
  ('f0000000-0000-0000-0000-000000000001','5a000000-0000-0000-0000-000000000001','c0000000-0000-0000-0000-000000000001','e0000000-0000-0000-0000-000000000003','e0000000-0000-0000-0000-000000000001'),
  ('f0000000-0000-0000-0000-000000000002','5a000000-0000-0000-0000-000000000001','c0000000-0000-0000-0000-000000000001','e0000000-0000-0000-0000-000000000005','e0000000-0000-0000-0000-000000000001'),
  ('f0000000-0000-0000-0000-000000000003','5a000000-0000-0000-0000-000000000001','c0000000-0000-0000-0000-000000000001','e0000000-0000-0000-0000-000000000007','e0000000-0000-0000-0000-000000000001'),
  -- votes on nomination 002 (Bob, Best Innovator) — 1 vote
  ('f0000000-0000-0000-0000-000000000004','5a000000-0000-0000-0000-000000000001','c0000000-0000-0000-0000-000000000001','e0000000-0000-0000-0000-000000000002','e0000000-0000-0000-0000-000000000002'),
  -- votes on nomination 003 (Bob, Team Player) — 2 votes
  ('f0000000-0000-0000-0000-000000000005','5a000000-0000-0000-0000-000000000001','c0000000-0000-0000-0000-000000000002','e0000000-0000-0000-0000-000000000001','e0000000-0000-0000-0000-000000000002'),
  ('f0000000-0000-0000-0000-000000000006','5a000000-0000-0000-0000-000000000001','c0000000-0000-0000-0000-000000000002','e0000000-0000-0000-0000-000000000004','e0000000-0000-0000-0000-000000000002'),
  -- votes on nomination 004 (Carol, Team Player) — 4 votes
  ('f0000000-0000-0000-0000-000000000007','5a000000-0000-0000-0000-000000000001','c0000000-0000-0000-0000-000000000002','e0000000-0000-0000-0000-000000000002','e0000000-0000-0000-0000-000000000003'),
  ('f0000000-0000-0000-0000-000000000008','5a000000-0000-0000-0000-000000000001','c0000000-0000-0000-0000-000000000002','e0000000-0000-0000-0000-000000000005','e0000000-0000-0000-0000-000000000003'),
  ('f0000000-0000-0000-0000-000000000009','5a000000-0000-0000-0000-000000000001','c0000000-0000-0000-0000-000000000002','e0000000-0000-0000-0000-000000000006','e0000000-0000-0000-0000-000000000003'),
  ('f0000000-0000-0000-0000-000000000010','5a000000-0000-0000-0000-000000000001','c0000000-0000-0000-0000-000000000002','e0000000-0000-0000-0000-000000000008','e0000000-0000-0000-0000-000000000003'),
  -- votes on nomination 005 (Carol, Rising Star) — 2 votes
  ('f0000000-0000-0000-0000-000000000011','5a000000-0000-0000-0000-000000000001','c0000000-0000-0000-0000-000000000003','e0000000-0000-0000-0000-000000000002','e0000000-0000-0000-0000-000000000003'),
  ('f0000000-0000-0000-0000-000000000012','5a000000-0000-0000-0000-000000000001','c0000000-0000-0000-0000-000000000003','e0000000-0000-0000-0000-000000000004','e0000000-0000-0000-0000-000000000003'),
  -- votes on nomination 006 (Alice, Rising Star) — 5 votes
  ('f0000000-0000-0000-0000-000000000013','5a000000-0000-0000-0000-000000000001','c0000000-0000-0000-0000-000000000003','e0000000-0000-0000-0000-000000000008','e0000000-0000-0000-0000-000000000001'),
  ('f0000000-0000-0000-0000-000000000014','5a000000-0000-0000-0000-000000000001','c0000000-0000-0000-0000-000000000003','e0000000-0000-0000-0000-000000000003','e0000000-0000-0000-0000-000000000001'),
  ('f0000000-0000-0000-0000-000000000015','5a000000-0000-0000-0000-000000000001','c0000000-0000-0000-0000-000000000003','e0000000-0000-0000-0000-000000000005','e0000000-0000-0000-0000-000000000001'),
  ('f0000000-0000-0000-0000-000000000016','5a000000-0000-0000-0000-000000000001','c0000000-0000-0000-0000-000000000003','e0000000-0000-0000-0000-000000000006','e0000000-0000-0000-0000-000000000001'),
  ('f0000000-0000-0000-0000-000000000017','5a000000-0000-0000-0000-000000000001','c0000000-0000-0000-0000-000000000003','e0000000-0000-0000-0000-000000000007','e0000000-0000-0000-0000-000000000001'),
  -- votes on nomination 007 (David, Best Innovator) — 2 votes
  ('f0000000-0000-0000-0000-000000000018','5a000000-0000-0000-0000-000000000001','c0000000-0000-0000-0000-000000000001','e0000000-0000-0000-0000-000000000006','e0000000-0000-0000-0000-000000000004'),
  ('f0000000-0000-0000-0000-000000000019','5a000000-0000-0000-0000-000000000001','c0000000-0000-0000-0000-000000000001','e0000000-0000-0000-0000-000000000008','e0000000-0000-0000-0000-000000000004'),
  -- votes on nomination 010 (Frank, Best Innovator) — 3 votes
  ('f0000000-0000-0000-0000-000000000020','5a000000-0000-0000-0000-000000000001','c0000000-0000-0000-0000-000000000001','e0000000-0000-0000-0000-000000000001','e0000000-0000-0000-0000-000000000006'),
  ('f0000000-0000-0000-0000-000000000021','5a000000-0000-0000-0000-000000000001','c0000000-0000-0000-0000-000000000001','e0000000-0000-0000-0000-000000000004','e0000000-0000-0000-0000-000000000006')
ON CONFLICT (id) DO NOTHING;
